FIRSTNAME,LASTNAME
David,Aardsma
Fernando,Abad
Andrew,Abbott
Cory,Abbott
Mick,Abel
CJ,Abrams
Albert,Abreu
Bobby,Abreu
Bryan,Abreu
Jose,Abreu
Tony,Abreu
Wilyer,Abreu
Jeremy,Accardo
Alfredo,Aceves
Domingo,Acevedo
Dustin,Ackley
Garrett,Acton
Luisangel,Acuna
Ronald,Acuna
Cristhian,Adames
Willy,Adames
Jason,Adam
Austin,Adams
Chance,Adams
David,Adams
Lane,Adams
Matt,Adams
Mike,Adams
Riley,Adams
Spencer,Adams
Jim,Adduci
Jo,Adell
Tim,Adleman
Joan,Adon
Ehire,Adrianza
Jeremy,Affeldt
Dario,Agrazal
Jesus,Aguilar
Nick,Ahmed
Brady,Aiken
Keegan,Akin
Shogo,Akiyama
Andrew,Albers
Hanser,Alberto
Matt,Albers
Ozzie,Albies
Al,Alburquerque
Jorge,Alcala
Arismendy,Alcantara
Kevin,Alcantara
Kevin,Alcantara
Sandy,Alcantara
Sergio,Alcantara
Victor,Alcantara
Blaze,Alexander
Jason,Alexander
Scott,Alexander
Tyler,Alexander
A.J.,Alexy
Jorge,Alfaro
Anthony,Alford
Kolby,Allard
Austin,Allen
Cody,Allen
Greg,Allen
Logan,Allen
Logan,Allen
Nick,Allen
Abraham,Almonte
Yency,Almonte
Zoilo,Almonte
Albert,Almora
Pete,Alonso
Yonder,Alonso
Dan,Altavilla
Aaron,Altherr
Jose,Altuve
Jake,Alu
Armando,Alvarez
Eddy,Alvarez
Francisco,Alvarez
Henderson,Alvarez
Jose,Alvarez
Jose,Alvarado
Nacho,Alvarez
Pedro,Alvarez
Yadier,Alvarez
Yordan,Alvarez
Adbert,Alzolay
Adael,Amador
Alexi,Amarista
Jacob,Amaya
Miguel,Amaya
Hector,Ambriz
Brett,Anderson
Bryan,Anderson
Brian,Anderson
Chase,Anderson
Cody,Anderson
Drew,Anderson
Grant,Anderson
Ian,Anderson
Justin,Anderson
Lars,Anderson
Nick,Anderson
Shaun,Anderson
Tim,Anderson
Tyler,Anderson
Robert,Andino
John,Andreoli
Matt,Andriese
Elvis,Andrus
Miguel,Andujar
Rick,Ankiel
Dean,Anna
Roman,Anthony
Tejay,Antone
Norichika,Aoki
Mark,Appel
Aristides,Aquino
Jonathan,Aranda
Victor,Arano
Jonathan,Arauz
Chris,Archer
Francisco,Arcia
Orlando,Arcia
Oswaldo,Arcia
Nolan,Arenado
J.P.,Arencibia
Gabriel,Arias
Joaquin,Arias
Kohei,Arihara
Rogelio,Armenteros
Shawn,Armstrong
Randy,Arozarena
Luis,Arraez
Jose,Arredondo
Jake,Arrieta
Spencer,Arrighetti
Bronson,Arroyo
Christian,Arroyo
Humberto,Arteaga
Cody,Asche
Aaron,Ashby
Graham,Ashcraft
Alec,Asher
Javier,Assad
Willians,Astudillo
Carlos,Asuaje
Scott,Atchison
Garrett,Atkins
Phillippe,Aumont
Tyler,Austin
Xavier,Avery
Alex,Avila
Luis,Avilan
Nick,Avila
Pedro,Avila
Mike,Aviles
Dylan,Axelrod
John,Axford
Luis,Ayala
Erick,Aybar
Jose,Azocar
Akil,Baddoo
Burke,Badenhop
Harrison,Bader
Ji-Hwan,Bae
Javier,Baez
Michel,Baez
Pedro,Baez
Andrew,Bailey
Brandon,Bailey
Homer,Bailey
Patrick,Bailey
Bryan,Baker
Jeff,Baker
John,Baker
Luken,Baker
Scott,Baker
Jordan,Balazovic
Brooks,Baldwin
Drake,Baldwin
Collin,Balester
Grant,Balfour
Moises,Ballesteros
Anthony,Banda
Jett,Bandy
Tanner,Banks
Manny,Banuelos
Rod,Barajas
Daniel,Bard
Luke,Bard
Addison,Barger
Joe,Barlow
Scott,Barlow
Clint,Barmes
Austin,Barnes
Brandon,Barnes
Darwin,Barney
Danny,Barnes
Jacob,Barnes
Matt,Barnes
Scott,Barnes
Tony,Barnette
Tucker,Barnhart
Kyle,Barraclough
Aaron,Barrett
Franklin,Barreto
Jake,Barrett
Luis,Barrera
Tres,Barrera
Jaime,Barria
Joey,Bart
Jason,Bartlett
Daric,Barton
Osleivis,Basabe
Samuel,Basallo
Anthony,Bass
Chris,Bassitt
Brady,Basso
Antonio,Bastardo
Miguel,Batista
Matthew,Batten
Peyton,Battenfield
Brett,Baty
Jake,Bauers
Trevor,Bauer
Mike,Baumann
Felix,Bautista
Jose,Bautista
Rafael,Bautista
Mike,Baxter
Jason,Bay
Shane,Baz
Travis,Bazzana
Brandon,Beachy
Matt,Beaty
Blake,Beavan
Chad,Beck
Chris,Beck
Josh,Beckett
Gordon,Beckham
Tim,Beckham
Jordan,Beck
Tristan,Beck
Erik,Bedard
David,Bednar
Cam,Bedrosian
Tyler,Beede
Jalen,Beeks
Dallas,Beeler
Seth,Beer
Clayton,Beeter
Matt,Belisle
Ronald,Belisario
Jeff,Beliveau
Chad,Bell
Heath,Bell
Cody,Bellinger
Josh,Bell
Brayan,Bello
Valente,Bellozo
Duane,Below
Brandon,Belt
Adrian,Beltre
Carlos,Beltran
Anthony,Bemboom
Anthony,Bender
Andrew,Benintendi
Joaquin,Benoit
Joe,Benson
Will,Benson
Christian,Bergman
Lance,Berkman
Roger,Bernadina
Wynton,Bernard
Jose,Berrios
Prelander,Berroa
Steward,Berroa
Quintin,Berry
Jon,Berti
Dellin,Betances
Rafael,Betancourt
Yuniesky,Betancourt
Wilson,Betemit
Christian,Bethancourt
Chad,Bettis
Mookie,Betts
Joe,Biagini
Jeff,Bianchi
Tanner,Bibee
Austin,Bibens-Dirkx
Bo,Bichette
Phil,Bickford
Jesse,Biddle
Osvaldo,Bido
Shane,Bieber
Brandon,Bielak
Justice,Bigbie
Hunter,Bigge
Cavan,Biggio
Chad,Billingsley
Greg,Bird
Jacob,Bird
Hayden,Birdsong
Braden,Bishop
Brian,Bixler
Ty,Blach
Charlie,Blackmon
Clayton,Blackburn
Mason,Black
Nick,Blackburn
Paul,Blackburn
Ray,Black
Travis,Blackley
Tyler,Black
Vic,Black
Aaron,Blair
Casey,Blake
Bradley,Blalock
Andres,Blanco
Dairon,Blanco
Gregor,Blanco
Henry,Blanco
Ronel,Blanco
Alex,Blandino
Kyle,Blanks
Travis,Blankenhorn
Joe,Blanton
Jabari,Blash
J.J.,Bleday
Richard,Bleier
Jerry,Blevins
Ryan,Bliss
Willie,Bloomquist
Jake,Bloss
Brennan,Boesch
Xander,Bogaerts
Mitchell,Boggs
Brian,Bogusevic
Alec,Bohm
Mike,Bolsinger
Skye,Bolt
Jeremy,Bonderman
Emilio,Bonifacio
Jorge,Bonifacio
Julio,Borbon
Ryan,Borucki
J.C.,Boscan
David,Bote
Sean,Bouchard
Jason,Bourgeois
Peter,Bourjos
Justin,Bour
Michael,Bourn
Michael,Bowden
Matt,Bowman
Brad,Boxberger
Matt,Boyd
Blaine,Boyer
Joe,Boyle
Brad,Brach
Silvino,Bracho
Dallas,Braden
Chasen,Bradford
Cody,Bradford
Kyle,Bradish
Archie,Bradley
Bobby,Bradley
Jackie,Bradley Jr.
Milton,Bradley
Taj,Bradley
Michael,Brantley
Rob,Brantly
Russell,Branyan
Matt,Brash
Ryan,Brasier
Steven,Brault
Ryan,Braun
Huascar,Brazoban
John,Brebbia
Alex,Bregman
Brandon,Brennan
Will,Brennan
Jake,Brentz
Craig,Breslow
Colten,Brewer
Austin,Brice
Jose,Briceno
Jonah,Bride
Parker,Bridwell
Beau,Brieske
Jeff,Brigham
Reid,Brignac
Lewis,Brinson
Braden,Bristo
Jhony,Brito
Juan,Brito
Socrates,Brito
Zach,Britton
Connor,Brogdon
Aaron,Brooks
Trenton,Brooks
Michael,Brosseau
Rex,Brothers
Andrew,Brown
Barret,Browning
Ben,Brown
Domonic,Brown
Gary,Brown
Hunter,Brown
Seth,Brown
Trevor,Brown
Jonathan,Broxton
Keon,Broxton
JT,Brubaker
Jay,Bruce
Jaycob,Brugman
Vidal,Brujan
Kris,Bryant
Kris,Bubic
David,Buchanan
Clay,Buchholz
Ryan,Buchter
John,Buck
Walker,Buehler
Mark,Buehrle
J.B.,Bukauskas
Madison,Bumgarner
Aaron,Bummer
Dylan,Bundy
Nick,Burdi
Peyton,Burdick
Jake,Burger
Enrique,Burgos
Brock,Burke
Greg,Burke
Sean,Burke
Alec,Burleson
A.J.,Burnett
Alex,Burnett
Corbin,Burnes
Sean,Burnett
Billy,Burns
Chase,Burns
Pat,Burrell
Beau,Burrows
Mike,Burrows
Jared,Burton
Michael,Busch
Ky,Bush
Matt,Bush
Drew,Butera
Billy,Butler
Eddie,Butler
Joey,Butler
Lawrence,Butler
Jose,Butto
Ty,Buttrey
Byron,Buxton
Tim,Byrdak
Marlon,Byrd
Jose,Caballero
Trey,Cabbage
Asdrubal,Cabrera
Edward,Cabrera
Everth,Cabrera
Genesis,Cabrera
Mauricio,Cabrera
Melky,Cabrera
Miguel,Cabrera
Orlando,Cabrera
Oswaldo,Cabrera
Jac,Caglianone
Trevor,Cahill
Lorenzo,Cain
Matt,Cain
Owen,Caissie
Kole,Calhoun
Willie,Calhoun
Alberto,Callaspo
Alex,Call
Johan,Camargo
Daz,Cameron
Mike,Cameron
Noah,Cameron
Arquimedes,Caminero
Junior,Caminero
Tony,Campana
Eric,Campbell
Kristian,Campbell
Shawn,Camp
Luis,Campusano
Alexander,Canario
Jeimer,Candelario
Mark,Canha
Griffin,Canning
Jonathan,Cannon
Robinson,Cano
Yennier,Cano
Joey,Cantillo
Jorge,Cantu
Russ,Canzler
Dominic,Canzone
Conner,Capel
Carter,Capps
Matt,Capps
Vinny,Capra
Chris,Capuano
Victor,Caratini
Adrian,Cardenas
Stephen,Cardullo
Andrew,Carignan
Shane,Carle
Dylan,Carlson
Roberto,Hernandez
Andrew,Carpenter
Chris,Carpenter
Chris,Carpenter
David,Carpenter
David,Carpenter
Kerry,Carpenter
Matt,Carpenter
Ryan,Carpenter
Mike,Carp
Carlos,Carrasco
D.J.,Carrasco
Ezequiel,Carrera
Joel,Carreno
Corbin,Carroll
Jamey,Carroll
Robert,Carson
Diego,Cartaya
Chris,Carter
Evan,Carter
Curt,Casali
Triston,Casas
Andrew,Cashner
Alexi,Casilla
Santiago,Casilla
Ben,Casparius
Bobby,Cassevah
Daniel,Castano
Alex,Castellanos
Humberto,Castellanos
Nick,Castellanos
Ryan,Castellani
Diego,Castillo
Diego,Castillo
Jose,Castillo
Luis,Castillo
Max,Castillo
Rusney,Castillo
Welington,Castillo
Harold,Castro
Jason,Castro
Miguel,Castro
Rodolfo,Castro
Starlin,Castro
Willi,Castro
Cade,Cavalli
Jake,Cave
Dylan,Cease
Garin,Cecchini
Gavin,Cecchini
Slade,Cecconi
Brett,Cecil
Leandro,Cedeno
Ronny,Cedeno
Xavier,Cedeno
Gilberto,Celestino
Juan,Centeno
Francisco,Cervelli
Yoenis,Cespedes
Luis,Cessa
Jhoulys,Chacin
Andrew,Chafin
Adron,Chambers
Joba,Chamberlain
Bubba,Chandler
Yu,Chang
Andres,Chaparro
Aroldis,Chapman
Matt,Chapman
J.T.,Chargois
Tyler,Chatwood
Endy,Chavez
Eric,Chavez
Jesse,Chavez
Michael,Chavis
Bruce,Chen
Wei-Yin,Chen
Robinson,Chirinos
Yonny,Chirinos
Lonnie,Chisenhall
Jazz,Chisholm
Randy,Choate
Michael,Choice
Ji-Man,Choi
Shin-Soo,Choo
Jackson,Chourio
Vinnie,Chulk
Marc,Church
Adam,Cimber
Tony,Cingrani
Pedro,Ciriaco
Steve,Cishek
Jose,Cisnero
Nick,Ciuffo
Aaron,Civale
Chris,Clarke
Denzel,Clarke
Taylor,Clarke
Emmanuel,Clase
Jonatan,Clase
Alex,Claudio
Garrett,Cleavinger
Ernie,Clement
Jeff,Clement
Kody,Clemens
Paul,Clemens
Maikel,Cleto
Steve,Clevenger
Mike,Clevinger
Tyler,Clippard
Tyler,Cloyd
Jason,Coats
Alex,Cobb
Kyle,Cody
Robert,Coello
Chris,Coghlan
Phil,Coke
Chris,Colabello
Oscar,Colas
A.J.,Cole
Gerrit,Cole
Dusty,Coleman
Dylan,Coleman
Louis,Coleman
Taylor,Cole
Tim,Collins
Tyler,Collins
Zack,Collins
Josh,Collmenter
Alex,Colome
Bartolo,Colon
Christian,Colon
Tyler,Colvin
Charlie,Condon
Michael,Conforto
Hank,Conger
Griffin,Conine
Adam,Conley
Jose,Constanza
Jose,Contreras
Mark,Contreras
Roansy,Contreras
Willson,Contreras
William,Contreras
Aaron,Cook
Billy,Cook
Ryan,Cook
Tim,Cooney
Sam,Coonrod
David,Cooper
Garrett,Cooper
Patrick,Corbin
Francisco,Cordero
Franchy,Cordero
Jimmy,Cordero
Ryan,Cordell
Allen,Cordoba
Carlos,Corporan
Carlos,Correa
Kevin,Correia
Nestor,Cortes
Jarred,Cosart
Mike,Costanzo
Caleb,Cotham
Jharel,Cotton
Neal,Cotts
Daniel,Coulombe
Jake,Cousins
Dylan,Covey
Kaleb,Cowart
Collin,Cowgill
Colton,Cowser
Austin,Cox
Zack,Cox
Zack,Cozart
Dylan,Cozens
Allen,Craig
Jesse,Crain
Tyler,Cravy
Brandon,Crawford
Carl,Crawford
Evan,Crawford
J.P.,Crawford
Kutter,Crawford
Dylan,Crews
Stefan,Crichton
Kyle,Crick
Nabil,Crismatt
Coco,Crisp
Cooper,Criswell
Garrett,Crochet
C.J.,Cron
Jake,Cronenworth
Kevin,Cron
Casey,Crosby
Aaron,Crow
Pete,Crow-Armstrong
Trevor,Crowe
Wil,Crowe
Fernando,Cruz
Luis,Cruz
Nelson,Cruz
Oneil,Cruz
Rhiner,Cruz
Tony,Cruz
Michael,Cuddyer
Johnny,Cueto
Noel,Cuevas
Charlie,Culberson
Brandon,Cumpton
Todd,Cunningham
Xzavion,Curry
John,Curtiss
Jack,Cust
Cheslor,Cuthbert
David,Dahl
Bobby,Dalbec
Johnny,Damon
Caden,Dana
Davis,Daniel
John,Danks
Jordan,Danks
Chase,d'Arnaud
Travis,D'Arnaud
James,Darnell
Yu,Darvish
Matt,Davidson
Tucker,Davidson
Kyle,Davies
Zach,Davies
Austin,Davis
Brennen,Davis
Chris,Davis
Doug,Davis
Henry,Davis
Ike,Davis
Jaylin,Davis
J.D.,Davis
Jonathan,Davis
Khris,Davis
Rajai,Davis
Wade,Davis
Grant,Dayton
Yonathan,Daza
Austin,Dean
Alejandro,De Aza
Jaff,Decker
Samuel,Deduno
Justin,De Fratus
Brett,De Geus
Jacob,deGrom
David,DeJesus
Ivan,De Jesus
Chase,De Jong
Paul,DeJong
Steve,Delabar
Bryan,De La Cruz
Elly,De La Cruz
Dane,de la Rosa
Rubby,de la Rosa
Chase,DeLauter
Jason,Delay
Adrian,Del Castillo
Jose,De Leon
Randall,Delgado
Nick,Delmonico
Zach,DeLoach
Deyvison,De Los Santos
Enyel,De Los Santos
Fautino,De Los Santos
Yerry,De Los Santos
Enerio,Del Rosario
Jonny,Deluca
Travis,Demeritte
Ryan,Dempster
Matt,den Dekker
Chris,Denorfia
Mark,DeRosa
Daniel,Descalso
Anthony,DeSclafani
Delino,Deshields Jr.
Ian,Desmond
Odrisamer,Despaigne
Reid,Detmers
Ross,Detwiler
Chris,Devenski
Rafael,Devers
Cole,DeVries
Blake,Dewitt
Zach,Dezenzo
Scott,Diamond
Aledmys,Diaz
Alexis,Diaz
Edwin,Diaz
Elias,Diaz
Isan,Diaz
Jairo,Diaz
Jordan,Diaz
Juan,Diaz
Jumbo,Diaz
Lewin,Diaz
Matt,Diaz
Yandy,Diaz
Yainer,Diaz
Yilber,Diaz
Yusniel,Diaz
Alex,Dickerson
Chris,Dickerson
Corey,Dickerson
R.A.,Dickey
Brandon,Dickson
Jake,Diekman
Derek,Dietrich
Wilmer,Difo
Tim,Dillard
Dillon,Dingler
Nick,Dini
Andy,Dirks
Brandon,Dixon
Greg,Dobbs
Randy,Dobnak
Dylan,Dodd
Rafael,Dolis
Chase,Dollander
Jasson,Dominguez
Matt,Dominguez
Seranthony,Dominguez
Jason,Donald
Josh,Donaldson
Brendan,Donovan
Sean,Doolittle
Octavio,Dotel
Felix,Doubront
Ryan,Doumit
Camilo,Doval
Darin,Downs
Jeter,Downs
Matt,Downs
Scott,Downs
Brenton,Doyle
Brian,Dozier
Hunter,Dozier
Kyle,Drabek
Oliver,Drake
J.D.,Drew
Stephen,Drew
Logan,Driscoll
Brandon,Drury
Mauricio,Dubon
Justin,Duchscherer
Lucas,Duda
Brian,Duensing
Tyler,Duffey
Danny,Duffy
Matt,Duffy
Steven,Duggar
Robert,Dugger
Zach,Duke
Ryan,Dull
Shelley,Duncan
Adam,Dunn
Blake,Dunn
Dane,Dunning
Justin,Dunn
Mike,Dunn
Oliver,Dunn
Jon,Duplantier
Ezequiel,Duran
Jarren,Duran
Jhoan,Duran
Caleb,Durbin
Chad,Durbin
Adam,Duvall
Jarrod,Dyson
Sam,Dyson
Adam,Eaton
Nate,Eaton
David,Eckstein
Jake,Eder
Josh,Edgin
Tommy,Edman
Jim,Edmonds
Carl,Edwards
Xavier,Edwards
Payton,Eeles
Scott,Effross
Zach,Eflin
Brett,Eibner
Jerad,Eickhoff
Scott,Elbert
Bryce,Elder
Bryce,Eldridge
Roenis,Elias
A.J.,Ellis
Drew,Ellis
Mark,Ellis
Jacoby,Ellsbury
Jake,Elmore
John,Ely
Kent,Emanuel
Christian,Encarnacion-Strand
Edwin,Encarnacion
Jerar,Encarnacion
Adam,Engel
Mason,Englert
Blayne,Enlow
Barry,Enright
Nic,Enright
Nathan,Eovaldi
Cody,Eppley
Lucas,Erceg
Robbie,Erlin
Phil,Ervin
J.C.,Escarra
Alcides,Escobar
Eduardo,Escobar
Yunel,Escobar
Tom,Eshelman
Anderson,Espinoza
Danny,Espinosa
Daniel,Espino
Paolo,Espino
Santiago,Espinal
Joey,Estes
Carlos,Estevez
Jeremiah,Estrada
Marco,Estrada
Thairo,Estrada
Andre,Ethier
Demarcus,Evans
Logan,Evans
Phillip,Evans
Luis,Exposito
Alex,Faedo
Peter,Fairbanks
Stuart,Fairchild
Bailey,Falter
Irving,Falu
Jeurys,Familia
Jacob,Faria
Buck,Farmer
Kyle,Farmer
Kyle,Farnsworth
Danny,Farquhar
Eric,Farris
Calvin,Faucher
Taylor,Featherston
Erick,Fedde
Tim,Federowicz
Scott,Feldman
Pedro,Feliciano
Michael,Feliz
Neftali,Feliz
Ryan,Feltner
Caleb,Ferguson
Tyler,Ferguson
Freddy,Fermin
Jose,Fernandez
Jose Miguel,Fernandez
Ryan,Fernandez
Jose A.,Ferrer
David,Festa
Matthew,Festa
J.P.,Feyereisen
Chuckie,Fick
Josh,Fields
Johnny,Field
Prince,Fielder
Casey,Fien
Mike,Fiers
Stephen,Fife
Chone,Figgins
Pedro,Figueroa
Heath,Fillmyer
Brandon,Finnegan
Kyle,Finnegan
Derek,Fisher
Doug,Fister
Richard,Fitts
Tyler,Fitzgerald
Jack,Flaherty
Ryan,Flaherty
Josh,Fleming
David,Fletcher
Dominic,Fletcher
Chris,Flexen
Jesus,Flores
Ramon,Flores
Wilmer,Flores
Wilmer,Flores
Estevan,Florial
Pedro,Florimon
Dylan,Floro
Tyler,Flowers
Gavin,Floyd
Brian,Flynn
Jason,Foley
Mike,Foltynewicz
Wilmer,Font
Harry,Ford
Lew,Ford
Mike,Ford
Logan,Forsythe
Nick,Fortes
Justin,Foscue
Matt,Foster
Dexter,Fowler
Dustin,Fowler
Lucius,Fox
Jake,Fraley
Ben,Francisco
Bowden,Francis
Frank,Francisco
Jeff,Francis
Jeff,Francoeur
J.P.,France
Juan,Francisco
Maikel,Franco
Ty,France
Wander,Franco
Kevin,Frandsen
Nick,Franklin
Ryan,Franklin
Jason,Frasor
Nick,Frasso
Adam,Frazier
Clint,Frazier
Todd,Frazier
Alex,Freeland
Kyle,Freeland
Freddie,Freeman
Mike,Freeman
Sam,Freeman
Tyler,Freeman
David,Freese
David,Freitas
Sal,Frelick
Carlos,Frias
Christian,Friedrich
Max,Fried
TJ,Friedl
Ernesto,Frieri
David,Fry
Jace,Fry
Paul,Fry
Brian,Fuentes
Josh,Fuentes
Reymond,Fuentes
Kyuji,Fujikawa
Shintaro,Fujinami
Kosuke,Fukudome
Sam,Fuld
Carson,Fulmer
Michael,Fulmer
Charlie,Furbush
Rafael,Furcal
Hunter,Gaddis
Armando,Galarraga
Cam,Gallagher
Yovani,Gallardo
Giovanny,Gallegos
Zac,Gallen
Isaac,Galloway
Joey,Gallo
Freddy,Galvis
Ben,Gamel
Mat,Gamel
John,Gant
Adonis,Garcia
Adolis,Garcia
Anthony,Garcia
Aramis,Garcia
Avisail,Garcia
Bryan,Garcia
Christian,Garcia
Deivi,Garcia
Dermis,Garcia
Edgar,Garcia
Freddy,Garcia
Greg,Garcia
Jaime,Garcia
Jarlin,Garcia
Jose,Barrero
Leury,Garcia
Luis,Garcia
Luis,Garcia
Luis,Garcia
Maikel,Garcia
Robert,Garcia
Robel,Garcia
Rony,Garcia
Willy,Garcia
Yimi,Garcia
Brett,Gardner
Jon,Garland
Kyle,Garlick
Dustin,Garneau
Amir,Garrett
Braxton,Garrett
Reed,Garrett
Stone,Garrett
Mitch,Garver
Matt,Garza
Ralph,Garza Jr.
Robert,Gasser
Evan,Gattis
Chad,Gaudin
Kevin,Gausman
Sam,Gaviglio
Cory,Gearrin
Dillon,Gee
Zack,Gelof
Steve,Geltz
Scooter,Gennett
Craig,Gentry
Tyler,Gentry
Michael,Gerber
Domingo,German
Franklin,German
Gonzalez,Germen
Chris,Getz
Jason,Giambi
Johnny,Giavotella
Kyle,Gibson
Tayron,Guerrero
Drew,Gilbert
Logan,Gilbert
Tyler,Gilbert
Ken,Giles
Conor,Gillaspie
Luis,Gil
Andres,Gimenez
Chris,Gimenez
Hector,Gimenez
Caleb,Gindl
Kevin,Ginkel
J.T.,Ginn
Lucas,Giolito
Sawyer,Gipson-Long
Mychal,Givens
Tyler,Glasnow
Troy,Glaus
Koda,Glover
Graham,Godfrey
Zack,Godley
Tyler,Goeddel
Luiz,Gohara
Ryan,Goins
Paul,Goldschmidt
Austin,Gomber
Jonny,Gomes
Yan,Gomes
Carlos,Gomez
Moises,Gomez
Jeanmar,Gomez
Mauro,Gomez
Stephen,Gonsalves
Tony,Gonsolin
Adrian,Gonzalez
Alex,Gonzalez
Alberto,Gonzalez
Carlos,Gonzalez
Chi Chi,Gonzalez
Erik,Gonzalez
Gio,Gonzalez
Luis,Gonzalez
Marwin,Gonzalez
Marco,Gonzales
Michael,Gonzalez
Miguel,Gonzalez
Miguel,A. Gonzalez
Nick,Gonzales
Oscar,Gonzalez
Romy,Gonzalez
Severino,Gonzalez
Victor,Gonzalez
Wikelman,Gonzalez
Hunter,Goodman
Niko,Goodrum
Brian,Goodwin
Nick,Goody
Alex,Gordon
Dee,Strange-Gordon
Nick,Gordon
MacKenzie,Gore
Terrance,Gore
Nolan,Gorman
Darin,Gorski
Tom,Gorzelanny
Anthony,Gose
Tuffy,Gosewisch
Daniel,Gossett
Phil,Gosselin
Trevor,Gott
Lourdes,Gurriel
Yulieski,Gurriel
Woo,Suk Go
Gordon,Graceffo
Matt,Grace
Curtis,Granderson
Yasmani,Grandal
Zack,Granite
Brusdar,Graterol
Kendall,Graveman
Jon,Gray
Josiah,Gray
Sonny,Gray
Chad,Green
Conner,Greene
Grant,Green
Hunter,Greene
Riley,Greene
Shane,Greene
Taylor,Green
Tyler,Greene
Zach,Greene
Luke,Gregerson
Kevin,Gregg
Didi,Gregorius
Grayson,Greiner
Zack,Greinke
Randal,Grichuk
A.J.,Griffin
Foster,Griffin
Jason,Grilli
Justin,Grimm
Trent,Grisham
Vaughn,Grissom
Jason,Groome
Jordan,Groshans
Robbie,Grossman
Michael,Grove
Robert,Gsellman
Alexander,Guerrero
Javy,Guerra
Junior,Guerra
Matt,Guerrier
Taylor,Guerrieri
Vladimir,Guerrero
Vladimir,Guerrero Jr.
Carlos,Guillen
Jose,Guillen
Luis,Guillorme
Jandel,Gustave
Jeremy,Guthrie
Franklin,Gutierrez
Kelvin,Gutierrez
Vladimir,Gutierrez
Brandon,Guyer
Jesus,Guzman
Ronald,Guzman
Tony,Gwynn
Jedd,Gyorko
Eric,Haase
Josh,Hader
Travis,Hafner
Nick,Hagadone
Sam,Haggerty
Jesse,Hahn
Jerry,Hairston
Scott,Hairston
David,Hale
Roy,Halladay
Bill,Hall
Darick,Hall
DL,Hall
Matt,Hall
Seth,Halvorsen
Cole,Hamels
Billy,Hamilton
David,Hamilton
Ian,Hamilton
Josh,Hamilton
Jason,Hammel
Garrett,Hampson
Chase,Hampton
Emerson,Hancock
Brad,Hand
Mitch,Haniger
Ryan,Hanigan
Jack,Hannahan
Joel,Hanrahan
Alec,Hansen
Alen,Hanson
Tommy,Hanson
Ian,Happ
J.A.,Happ
Aaron,Harang
Rich,Harden
Blaine,Hardy
J.J.,Hardy
Dan,Haren
Bryce,Harper
Ryne,Harper
Lucas,Harrell
Brett,Harris
Dustin,Harris
Hogan,Harris
Josh,Harrison
Kyle,Harrison
Matt,Harrison
Michael,Harris II
Monte,Harrison
Thomas,Harrington
Will,Harris
Corey,Hart
Kyle,Hart
Geoff,Hartlieb
Hunter,Harvey
Matt,Harvey
Adam,Haseley
Alexander,Hassan
Robert,Hassell
Chris,Hatcher
Tom,Hatch
Reese,Havens
LaTroy,Hawkins
Brad,Hawpe
Ke'Bryan,Hayes
Austin,Hays
Jeremy,Hazelbaker
Chase,Headley
Ryon,Healy
Andrew,Heaney
Taylor,Hearn
Jonathan,Heasley
Adeiny,Hechavarria
Austin,Hedges
Jeremy,Hefner
Jonah,Heim
Scott,Heineman
Tyler,Heineman
Chris,Heisey
Ben,Heller
Jeremy,Hellickson
Ryan,Helsley
Todd,Helton
Heath,Hembree
Tink,Hence
Gunnar,Henderson
Jim,Henderson
Logan,Henderson
Kyle,Hendricks
Liam,Hendriks
Tommy,Henry
Clay,Hensley
David,Hensley
Sam,Hentges
Guillermo,Heredia
Jimmy,Herget
Michael,Hermosillo
Carlos,Hernandez
Cesar,Hernandez
David,Hernandez
Darwinzon,Hernandez
Darell,Hernaiz
Elieser,Hernandez
Enrique,Hernandez
Felix,Hernandez
Gorkys,Hernandez
Jonathan,Hernandez
Jose,Hernandez
Livan,Hernandez
Luis,Hernandez
Marco,Hernandez
Ramon,Hernandez
Teoscar,Hernandez
Yadiel,Hernandez
Yonny,Hernandez
Dilson,Herrera
Elian,Herrera
Ivan,Herrera
Jonathan,Herrera
Jose,Herrera
Kelvin,Herrera
Odubel,Herrera
Rosell,Herrera
Chris,Herrmann
DJ,Herz
David,Hess
John,Hester
Chris,Heston
Codi,Heuer
Jason,Heyward
Aaron,Hicks
Brandon,Hicks
John,Hicks
Jordan,Hicks
Kyle,Higashioka
P.J.,Higgins
Trevor,Hildenberger
Aaron,Hill
Derek,Hill
Garrett,Hill
Sam,Hilliard
Jaden,Hill
Rich,Hill
Shawn,Hill
Steven,Hill
Tim,Hill
Rece,Hinds
Dalier,Hinojosa
Eric,Hinske
Yoshihisa,Hirano
Keston,Hiura
Sean,Hjelle
Luke,Hochevar
Porter,Hodge
Bryan,Hoeing
Nico,Hoerner
L.J.,Hoes
Jeff,Hoffman
Trevor,Hoffman
Bryan,Holaday
Colin,Holderman
Jonathan,Holder
Kyle,Holder
Derek,Holland
Greg,Holland
Jackson,Holliday
Matt,Holliday
Jordan,Holloway
Clay,Holmes
Grant,Holmes
Brock,Holt
Tyler,Holton
Brent,Honeywell
J.J.,Hoover
Jeremy,Horst
Cade,Horton
Spencer,Horwitz
Rhys,Hoskins
Eric,Hosmer
Tanner,Houck
Adrian,Houser
Brady,House
T.J.,House
Ryan,Howard
Ryan,Howard
Spencer,Howard
J.P.,Howell
Jared,Hoying
James,Hoyt
Bryan,Hudson
Daniel,Hudson
Dakota,Hudson
Orlando,Hudson
Tim,Hudson
Aubrey,Huff
David,Huff
Sam,Huff
Brandon,Hughes
Jared,Hughes
Luke,Hughes
Phil,Hughes
Danny,Hultzen
Philip,Humber
Cooper,Hummel
Nick,Hundley
Torii,Hunter
Tommy,Hunter
K.C.,Hunt
Brant,Hurter
Kyle,Hurt
Jacob,Hurtubise
Drew,Hutchison
Jae-gyun,Hwang
Chris,Iannetta
Andy,Ibanez
Raul,Ibanez
Ryota,Igarashi
Jose,Iglesias
Raisel,Iglesias
Shota,Imanaga
Ender,Inciarte
Jonathan,India
Gregory,Infante
Omar,Infante
Brandon,Inge
Jairo,Iriarte
Cole,Irvin
Jake,Irvin
Kyle,Isbel
Travis,Ishikawa
Jason,Isringhausen
Hisashi,Iwakuma
Akinori,Iwamura
Maicer,Izturis
Alex,Jackson
Andre,Jackson
Austin,Jackson
Brett,Jackson
Conor,Jackson
Edwin,Jackson
Jay,Jackson
Luke,Jackson
Ryan,Jackson
Zach,Jackson
Mike,Jacobs
Drey,Jameson
Joshua,James
Paul,Janish
Travis,Jankowski
Danny,Jansen
Kenley,Jansen
Casey,Janssen
Justin,Jarvis
John,Jaso
Cristian,Javier
Griffin,Jax
Jon,Jay
Daulton,Jefferies
Ryan,Jeffers
Jeremy,Jeffress
Chad,Jenkins
Bobby,Jenks
Dan,Jennings
Desmond,Jennings
Kevin,Jepsen
Derek,Jeter
A.J.,Jimenez
Dany,Jimenez
Eloy,Jimenez
Joe,Jimenez
Leo,Jimenez
Luis,Jimenez
Ubaldo,Jimenez
Jackson,Jobe
Connor,Joe
Brian,Johnson
Bryce,Johnson
Chris,Johnson
Dan,Johnson
Daniel,Johnson
Elliot,Johnson
Erik,Johnson
Jim,Johnson
Josh,Johnson
Kelly,Johnson
Micah,Johnson
Nick,Johnson
Pierce,Johnson
Reed,Johnson
Rob,Johnson
Steve,Johnson
Troy,Johnston
Adam,Jones
Andruw,Jones
Chipper,Jones
Garrett,Jones
James,Jones
JaCoby,Jones
Jahmai,Jones
Jared,Jones
Nate,Jones
Nolan,Jones
Ryder,Jones
Taylor,Jones
Taylor,Jordan
Caleb,Joseph
Corban,Joseph
Tommy,Joseph
Ben,Joyce
Matt,Joyce
Aaron,Judge
Edouard,Julien
Corey,Julks
Jace,Jung
Josh,Jung
Taylor,Jungmann
Jakob,Junis
Janson,Junk
Ariel,Jurado
Jair,Jurrjens
Kila,Ka'aihue
Tommy,Kahnle
Ryan,Kalish
Jung-Ho,Kang
James,Kaprielian
James,Karinchak
Nate,Karns
Jeff,Karstens
Niko,Kavadas
Munenori,Kawasaki
Anthony,Kay
Scott,Kazmir
Austin,Kearns
Luke,Keaschall
Colt,Keith
Keone,Kela
Jarred,Kelenic
Brad,Keller
Mitch,Keller
Shawn,Kelley
Casey,Kelly
Carson,Kelly
Don,Kelly
Joe,Kelly
Kevin,Kelly
Merrill,Kelly
Michael,Kelly
Ty,Kelly
Zack,Kelly
Matt,Kemp
Tony,Kemp
Jason,Kendall
Howie,Kendrick
Kyle,Kendrick
Adam,Kennedy
Brett,Kennedy
Buddy,Kennedy
Ian,Kennedy
Max,Kepler
Jeff,Keppinger
Orion,Kerkering
Ray,Kerr
Clayton,Kershaw
Dallas,Keuchel
Carter,Kieboom
Spencer,Kieboom
Kevin,Kiermaier
Yusei,Kikuchi
Caleb,Kilian
Franklyn,Kilome
Craig,Kimbrel
Ha-Seong,Kim
Hyun-soo,Kim
Hyeseong,Kim
Kwang,hyun Kim
Isiah,Kiner-Falefa
Scott,Kingery
Nick,Kingham
Michael,King
Tyler,Kinley
Josh,Kinney
Ian,Kinsler
Brandon,Kintzler
Jason,Kipnis
George,Kirby
Alex,Kirilloff
Alejandro,Kirk
Michael,Kirkman
Andrew,Kittredge
Patrick,Kivlehan
Heston,Kjerstad
Branden,Kline
Adam,Kloffenstein
Corey,Kluber
Landon,Knack
Andrew,Knapp
Corey,Knebel
Andrew,Knizner
Jack,Kochanowicz
Matt,Koch
Tom,Koehler
Jared,Koenig
Adam,Kolarek
Stephen,Kolek
Paul,Konerko
George,Kontos
Michael,Kopech
Bobby,Korecky
Casey,Kotchman
Mark,Kotsay
George,Kottaras
Rhett,Kouba
Kevin,Kouzmanoff
Jackson,Kowar
Pete,Kozma
Kevin,Kramer
Erik,Kratz
Ryan,Kreidler
Dean,Kremer
Ian,Krol
Jason,Kubel
Kyle,Kubitza
Chad,Kuhl
Joel,Kuhnel
Hong-Chih,Kuo
Hiroki,Kuroda
Nick,Kurtz
Steven,Kwan
John,Lackey
Asa,Lacy
Tyler,Ladendorf
Aaron,Laffey
Juan,Lagares
Bryan,LaHair
Brandon,Laird
Gerald,Laird
Junior,Lake
Travis,Lakins
Blake,Lalli
Ryan,LaMarre
Peter,Lambert
Jacob,Lamb
John,Lamb
Andrew,Lambo
Dinelson,Lamet
Alex,Lange
Ryan,Langerhans
Shea,Langeliers
Wyatt,Langford
John,Lannan
Matt,LaPorta
Trevor,Larnach
Adam,LaRoche
Tommy,La Stella
Mat,Latos
Eric,Lauer
Ramon,Laureano
Ryan,Lavarnway
Derek,Law
Jordan,Lawlar
Casey,Lawrence
Justin,Lawrence
Brett,Lawrie
Brandon,League
Mike,Leake
Jordan,Leasure
Charles,Leblanc
Wade,LeBlanc
Jose,Leclerc
Sam,LeCure
Brooks,Lee
Carlos,Lee
Cliff,Lee
Dae-Ho,Lee
Derrek,Lee
Dylan,Lee
Jung Hoo,Lee
Khalil,Lee
Korey,Lee
Jack,Leiter
Mark,Leiter Jr.
DJ,LeMahieu
Dominic,Leone
Pedro,Leon
Sandy,Leon
Chris,Leroux
Jon,Lester
Colby,Lewis
Fred,Lewis
Kyle,Lewis
Royce,Lewis
Domingo,Leyba
Matthew,Liberatore
Alex,Liddi
Brad,Lidge
Brent,Lillibridge
Ted,Lilly
Tim,Lincecum
Brad,Lincoln
Adam,Lind
Josh,Lindblom
Francisco,Lindor
Matt,Lindstrom
Tzu-Wei,Lin
Trey,Lipscomb
Francisco,Liriano
Rymer,Liriano
Zack,Littell
Ben,Lively
Jonathan,Loaisiga
Jose,Lobaton
Kyle,Lobstein
Tim,Locastro
Jeff,Locke
Tyler,Locklear
Nick,Lodolo
Kameron,Loe
Nick,Loftin
Boone,Logan
Zach,Logue
Kyle,Lohse
Steve,Lombardozzi
James,Loney
Evan,Longoria
Sammy,Long
Shed,Long
Joey,Loperfido
Tim,Lopes
Alejo,Lopez
Felipe,Lopez
Javier,Lopez
Jacob,Lopez
Jose,Lopez
Jorge,Lopez
Jose,Lopez
Nicky,Lopez
Otto,Lopez
Pablo,Lopez
Rafael,Lopez
Reynaldo,Lopez
Wilton,Lopez
Yoan,Lopez
Michael,Lorenzen
David,Lough
Aaron,Loup
Richard,Lovelady
Rhett,Lowder
Brandon,Lowe
Derek,Lowe
Josh,Lowe
Mark,Lowe
Nate,Lowe
Jed,Lowrie
Zac,Lowther
Joey,Lucchesi
Elvis,Luciano
Marco,Luciano
Jonathan,Lucroy
Ryan,Ludwick
Cory,Luebke
Lucas,Luetge
Dawel,Lugo
Seth,Lugo
Nathan,Lukes
Jordan,Luplow
Donald,Lutz
Zach,Lutz
Gavin,Lux
Jesus,Luzardo
Jordan,Lyles
Daniel,Lynch
Lance,Lynn
Brandon,Lyon
Tyler,Lyons
Andres,Machado
Dixon,Machado
Manny,Machado
Jean,Machi
Vimael,Machin
Ty,Madden
Bligh,Madris
Nick,Madrigal
Ryan,Madson
Kenta,Maeda
Matt,Magill
Tyler,Mahle
Paul,Maholm
Mikie,Mahtook
Mitch,Maier
Luke,Maile
John,Maine
Scott,Maine
Kevin,Maitan
Martin,Maldonado
Justyn-Henry,Malloy
Sean,Manaea
Trey,Mancini
Seth,Maness
Jake,Mangum
Matt,Manning
Alek,Manoah
Joe,Mantiply
Kyle,Manzardo
Tucupita,Marcano
Shaun,Marcum
Nick,Margevicius
Manuel,Margot
Ron,Marinaccio
Jake,Marisnick
Nick,Markakis
Cade,Marlowe
Carlos,Marmol
Jose,Marmolejos
Nick,Maronde
Brailyn,Marquez
German,Marquez
Jason,Marquis
Chris,Marrero
Deven,Marrero
Jakob,Marsee
Alec,Marsh
Brandon,Marsh
Evan,Marshall
Sean,Marshall
Lou,Marson
Francis,Martes
Jefry,Marte
Ketel,Marte
Luis,Marte
Noelvi,Marte
Starling,Marte
Victor,Marte
Adrian,Martinez
Angel,Martinez
Austin,Martin
Brett,Martin
Carlos,Martinez
Chris,Martin
Cody,Martin
Corbin,Martin
Cristhian,Martinez
Davis,Martin
Fernando,Martinez
Jason,Martin
J.D.,Martinez
Jose,Martinez
J.P.,Martinez
Justin,Martinez
Leonys,Martin
Luis,Martinez
Michael,Martinez
Nick,Martinez
Nick,Martini
Orelvis,Martinez
Richie,Martin
Russell,Martin
Victor,Martinez
Michael,Massey
Nick,Masset
Justin,Masterson
Darin,Mastroianni
Miles,Mastrobuoni
Bryan,Mata
Jorge,Mateo
Joe,Mather
Quinn,Mathews
Jeff,Mathis
Mark,Mathias
Wyatt,Mathisen
J.J.,Matijevic
Nick,Maton
Phil,Maton
Luis,Matos
Daisuke,Matsuzaka
Hideki,Matsui
Kazuo,Matsui
Yuki,Matsui
Ryan,Mattheus
Zebby,Matthews
Brian,Matusz
Tyler,Matzek
Steven,Matz
Joe,Mauer
Brandon,Maurer
Ronny,Mauricio
Bruce,Maxwell
Justin,Maxwell
Zach,Maxwell
John,Mayberry
Cameron,Maybin
Dustin,May
Marcelo,Mayer
Mike,Mayers
Jack,Mayfield
Jacob,May
Coby,Mayo
Edwin,Maysonet
Trevor,May
Tim,Mayza
Nomar,Mazara
Adam,Mazur
Zach,McAllister
James,McArthur
Matt,McBride
Ryan,McBroom
Brian,McCann
James,McCann
Kyle,McCann
Brandon,McCarthy
Jake,McCarthy
Kevin,McCarthy
Shane,McClanahan
Kyle,McClellan
Mike,McClendon
Chas,McCormick
Mike,McCoy
Grant,McCray
Lance,McCullers
Andrew,McCutchen
Chayce,McDermott
Darnell,McDonald
James,McDonald
John,McDonald
T.J.,McFarland
Griff,McGarry
Easton,McGee
Jake,McGee
Casey,McGehee
Scott,McGough
Dustin,McGowan
Michael,McGreevy
Chris,Mcguiness
Reese,McGuire
Collin,McHugh
Paul,McIntosh
Brendan,McKay
Michael,McKenry
Ryan,McKenna
Triston,McKenzie
Billy,McKinney
Zach,McKinstry
Matt,McLain
Nate,McLouth
Ryan,McMahon
John,McMillon
Jeff,McNeil
Kyle,McPherson
Curtis,Mead
Austin,Meadows
Parker,Meadows
John,Means
Nick,Mears
Gil,Meche
Wade,Meckler
Tommy,Medica
Adonis,Medina
Luis,Medina
Yoervis,Medina
Kris,Medlen
Evan,Meek
Trevor,Megill
Tylor,Megill
Chase,Meidroth
Adalberto,Mejia
Ernesto,Mejia
Francisco,Mejia
Jenrry,Mejia
J.C.,Mejia
Seth,Mejias-Brean
Mark,Melancon
MJ,Melendez
Jacob,Melton
Tim,Melville
Cristian,Mena
Yohander,Mendez
Danny,Mendick
Luis,Mendoza
Joey,Meneses
Conner,Menez
Daniel,Mengden
Michael,Mercado
Oscar,Mercado
Jordy,Mercer
Yermin,Mercedes
Jesus,Merchan
Jackson,Merrill
Ryan,Merritt
Whit,Merrifield
Julian,Merryweather
Matt,Mervis
Melky,Mesa
Victor,Victor Mesa
Devin,Mesoraco
Parker,Messick
Alex,Meyer
Jake,Meyers
Max,Meyer
Keynan,Middleton
Will,Middlebrooks
Jose,Mijares
Miles,Mikolas
Aaron,Miles
Wade,Miley
Andrew,Miller
Bobby,Miller
Brad,Miller
Bryce,Miller
Erik,Miller
Jared,Miller
Jim,Miller
Justin,Miller
Lastings,Milledge
Mason,Miller
Owen,Miller
Shelby,Miller
Alec,Mills
Brad,Mills
Kevin,Millwood
Hoby,Milner
Tommy,Milone
Juan,Minaya
Mike,Minor
A.J.,Minter
Ariel,Miranda
Jose,Miranda
Jacob,Misiorowski
Kameron,Misner
Bryan,Mitchell
Cal,Mitchell
D.J.,Mitchell
Garrett,Mitchell
Casey,Mize
Carmen,Mlodzinski
Jose,Molina
Yadier,Molina
Sam,Moll
Andruw,Monasterio
Yoan,Moncada
Adalberto,Mondesi
Mickey,Moniak
Frankie,Montas
Coco,Montes
Elehuris,Montero
Jesus,Montero
Keider,Montero
Miguel,Montero
Rafael,Montero
Colson,Montgomery
Jordan,Montgomery
Mason,Montgomery
Michael,Montgomery
Adam,Moore
Andrew,Moore
Christian,Moore
Dylan,Moore
Matt,Moore
Scott,Moore
Tyler,Moore
Franklin,Morales
Kendrys,Morales
Melvin,Mora
Colin,Moran
Jovani,Moran
Adrian,Morejon
Brent,Morel
Christopher,Morel
Mitch,Moreland
Gabriel,Moreno
Dauri,Moreta
Adam,Morgan
Eli,Morgan
Nyjer,Morgan
Shawn,Morimando
Mike,Morin
Justin,Morneau
Max,Moroff
Reyes,Moronta
Andrew,Morris
Bryan,Morris
Cody,Morris
Logan,Morrison
Brandon,Morrow
Michael,Morse
Charlie,Morton
Guillermo,Moscoso
Dustin,Moseley
Brandon,Moss
Guillermo,Mota
Jason,Motte
Taylor,Motter
Ryan,Mountcastle
Mike,Moustakas
Gabriel,Moya
Steven,Moya
Peter,Moylan
Edward,Mujica
Kyle,Muller
Cedric,Mullins
Max,Muncy
Max,Muncy
Andres,Munoz
Roddery,Munoz
Yairo,Munoz
Penn,Murfee
Chris,Murphy
David,Murphy
Daniel,Murphy
John Ryan,Murphy
Sean,Murphy
Tom,Murphy
Jayden,Murray
Joe,Musgrove
Ronnier,Mustelier
Brett,Myers
Dane,Myers
Tobias,Myers
Wil,Myers
Xavier,Nady
Hiroyuki,Nakajima
Mike,Napoli
Tyler,Naquin
Andrew,Nardi
Carlos,Narvaez
Omar,Narvaez
Chris,Narveson
Nick,Nastrini
Joe,Nathan
Daniel,Nava
Dioner,Navarro
Efren,Navarro
Bo,Naylor
Josh,Naylor
Thomas,Neal
Kristopher,Negron
Nick,Neidert
Chris,Nelson
Jimmy,Nelson
Kyle,Nelson
Nick,Nelson
Ryne,Nelson
Hector,Neris
Pat,Neshek
Zach,Neto
Sheldon,Neuse
Dovydas,Neverauskas
Tyler,Nevin
Jake,Newberry
Sean,Newcomb
Kevin,Newman
Gift,Ngoepe
Juan,Nicasio
Mike,Nickeas
Justin,Nicolino
Tomas,Nido
Jeff,Niemann
Jon,Niese
Kirk,Nieuwenhuis
Wil,Nieves
Brandon,Nimmo
Tsuyoshi,Nishioka
Jayson,Nix
Jacob,Nix
Laynce,Nix
Ryan,Noda
Jhonkensy,Noel
Hector,Noesi
John,Nogowski
Aaron,Nola
Austin,Nola
Ricky,Nolasco
Sean,Nolin
Jake,Noll
Lars,Nootbaar
Jordan,Norberto
Connor,Norby
Bud,Norris
Daniel,Norris
Derek,Norris
Jacob,Nottingham
Ivan,Nova
Dom,Nunez
Eduardo,Nunez
Malcom,Nunez
Renato,Nunez
Vidal,Nuno
Bailey,Ober
Scott,Oberg
Brett,Oberholtzer
Peter,O'Brien
Darren,O'Day
Jake,Odorizzi
Rougned,Odor
Eric,O'Flaherty
Alexi,Ogando
Shinnosuke,Ogasawara
Brian,O'Grady
Chris,O'Grady
Ryan,O'Hearn
Logan,O'Hoppe
Seung-hwan,Oh
Shohei,Ohtani
Shohei,Ohtani
Steven,Okert
Edward,Olivares
Jared,Oliva
Darren,Oliver
Hector,Olivera
Lester,Oliveros
Miguel,Olivo
Adam,Oller
Jack,O'Loughlin
Matt,Olson
Reese,Olson
Tyler,Olson
Mike,Olt
Shawn,O'Malley
Logan,Ondrusek
Tyler,O'Neill
Magglio,Ordonez
Paulo,Orlando
Tirso,Ornelas
Pete,Orr
Rafael,Ortega
David,Ortiz
Joey,Ortiz
Luis,Ortiz
Luis,Ortiz
Kaleb,Ort
Josh,Osich
Jose,Osuna
Roberto,Osuna
Corey,Oswalt
Roy,Oswalt
Michel,Otanez
Dan,Otero
Adam,Ottavino
Glenn,Otto
James,Outman
Josh,Outman
Lyle,Overbay
Connor,Overton
Dillon,Overton
Johan,Oviedo
Juan,Oviedo
Henry,Owens
Chris,Owings
Micah,Owings
Marcell,Ozuna
Cristian,Pache
Jordan,Pacheco
Chris,Paddack
Vicente,Padilla
Angel,Pagan
Emilio,Pagan
Andy,Pages
Pedro,Pages
Andrew,Painter
Jermaine,Palacios
Josh,Palacios
Richard,Palacios
Daniel,Palka
Andre,Pallante
Damiano,Palmegiani
Joe,Palumbo
Joe,Panik
Thomas,Pannone
Jonathan,Papelbon
Enoli,Paredes
Isaac,Paredes
Jimmy,Paredes
Kyren,Paris
Byung-ho,Park
Blake,Parker
Jarrod,Parker
Jarrett,Parker
Kyle,Parker
Mitchell,Parker
Hoy,Park
Chris,Parmelee
Bobby,Parnell
Gerardo,Parra
Manny,Parra
Wes,Parsons
Vinnie,Pasquantino
Tyler,Pastornicky
Luis,Patino
Corey,Patterson
Spencer,Patton
Troy,Patton
David,Pauley
Graham,Pauley
David,Paulino
Dorssys,Paulino
Felipe,Paulino
Ronny,Paulino
Ben,Paulsen
Xavier,Paul
Carl,Pavano
James,Paxton
Joel,Payamps
Mark,Payton
James,Pazos
Brad,Peacock
Steve,Pearce
Nate,Pearson
Jake,Peavy
Joc,Pederson
Dustin,Pedroia
Carlos,Peguero
Francisco,Peguero
Liover,Peguero
Mike,Pelfrey
Brayan,Pena
Carlos,Pena
Felix,Pena
Francisco,Pena
Jeremy,Pena
Ramiro,Pena
Hunter,Pence
Cliff,Pennington
Brad,Penny
Ryan,Pepiot
David,Peralta
Freddy,Peralta
Jhonny,Peralta
Joel,Peralta
Wandy,Peralta
Wily,Peralta
Jose,Peraza
Oswald,Peraza
Geraldo,Perdomo
Luis,Perdomo
Luis,Perdomo
Everson,Pereira
Carlos,Perez
Chris,Perez
Cionel,Perez
Delvin,Perez
Eury,Perez
Eury,Perez
Franklin,Perez
Hernan,Perez
Juan,Perez
Luis,Perez
Martin,Perez
Michael,Perez
Oliver,Perez
Roberto,Perez
Salvador,Perez
Wenceel,Perez
Williams,Perez
Blake,Perkins
Cam,Perkins
Glen,Perkins
Vinnie,Pestano
Bryan,Petersen
David,Peterson
Dillon,Peters
DJ,Peters
D.J.,Peterson
Dustin,Peterson
Jace,Peterson
Shane,Peterson
Gregorio,Petit
Yusmeiro,Petit
Jake,Petricka
Andy,Pettitte
Jonathan,Pettibone
Brandon,Pfaadt
Tommy,Pham
Josh,Phegley
Cord,Phelps
David,Phelps
Brandon,Phillips
Brett,Phillips
Connor,Phillips
Evan,Phillips
Tyler,Phillips
Denis,Phipps
Felix,Pie
Juan,Pierre
A.J.,Pierzynski
Konnor,Pilkington
Kevin,Pillar
Brett,Pill
Manny,Pina
Chad,Pinder
Michael,Pineda
Joel,Pineiro
Josmil,Pinto
Rene,Pinto
Riley,Pint
Jose,Pirela
Stephen,Piscotty
Nick,Pivetta
Kevin,Plawecki
Zach,Plesac
Trevor,Plouffe
Adam,Plutko
Colin,Poche
Scott,Podsednik
Gregory,Polanco
Jorge,Polanco
Placido,Polanco
Andrew,Politi
A.J.,Pollock
Drew,Pomeranz
Stuart,Pomeranz
Dalton,Pompey
Daniel,Ponce de Leon
Rick,Porcello
Logan,Porter
Jorge,Posada
Buster,Posey
Cody,Poteet
Brooks,Pounders
Cade,Povich
Boog,Powell
Yohel,Pozo
Martin,Prado
Nick,Pratto
Alex,Presley
Ryan,Pressly
David,Price
Jason,Pridie
Quinn,Priester
Josh,Prince
Jurickson,Profar
Austin,Pruitt
Stephen,Pryor
Cesar,Puello
Yasiel,Puig
Albert,Pujols
A.J.,Puk
Nick,Punto
Zach,Putnam
J.J.,Putz
Kevin,Quackenbush
Chad,Qualls
Cal,Quantrill
Carlos,Quentin
Edgar,Quero
Jeferson,Quero
Jose,Quijada
Roman,Quinn
Humberto,Quintero
Jose,Quintana
Omar,Quintanilla
Ryan,Raburn
Ceddanne,Rafaela
Cole,Ragans
Tanner,Rainey
Cal,Raleigh
Brooks,Raley
Luke,Raley
Agustin,Ramirez
Alexei,Ramirez
Aramis,Ramirez
Elvin,Ramirez
Erasmo,Ramirez
Hanley,Ramirez
Harold,Ramirez
J.C.,Ramirez
Jose,Ramirez
Jose,Ramirez
Manny,Ramirez
Neil,Ramirez
Nick,Ramirez
Noe,Ramirez
Ramon,Ramirez
Yefry,Ramirez
Yohan,Ramirez
A.J.,Ramos
Bryan,Ramos
Cesar,Ramos
Edubray,Ramos
Heliot,Ramos
Wilson,Ramos
Clay,Rapada
Colby,Rasmus
Cory,Rasmus
Drew,Rasmussen
Jon,Rauch
Rangel,Ravelo
Adam,Ravenelle
Josh,Ravin
Corey,Ray
Robbie,Ray
Colin,Rea
J.T.,Realmuto
Anthony,Recker
Josh,Reddick
Todd,Redmond
Addison,Reed
A.J.,Reed
Cody,Reed
Michael,Reed
Robert,Refsnyder
Sean,Reid-Foley
Evan,Reifert
Nolan,Reimold
Zach,Remillard
Anthony,Rendon
Hunter,Renfroe
Luis,Rengifo
Chris,Resop
Ben,Revere
Alex,Reyes
Franmil,Reyes
Jose,Reyes
Jomar,Reyes
Pablo,Reyes
Victor,Reyes
Bryan,Reynolds
Mark,Reynolds
Matt,Reynolds
Matt,Reynolds
Arthur,Rhodes
Will,Rhymes
Ben,Rice
Clayton,Richard
Garrett,Richards
Lyon,Richardson
Trevor,Richards
Scott,Richmond
Joey,Rickard
J.T.,Riddle
Andre,Rienzo
Austin,Riley
Alex,Rios
Edwin,Rios
Alfonso,Rivas
Leo,Rivas
Webster,Rivas
Emmanuel,Rivera
Felipe,Vazquez
Juan,Rivera
Mariano,Rivera
Rene,Rivera
T.J.,Rivera
Yadiel,Rivera
Anthony,Rizzo
Tanner,Roark
Sem,Robberse
Brian,Roberts
David,Robertson
Daniel,Robertson
Daniel,Robertson
Luis,Robert
Ryan,Roberts
Tyler,Robertson
Clint,Robinson
Drew,Robinson
Kristian,Robinson
Shane,Robinson
Trayvon,Robinson
Hansel,Robles
Victor,Robles
Tekoah,Roby
Brayan,Rocchio
Kumar,Rocker
Alan,Roden
Brendan,Rodgers
Richard,Rodriguez
Fernando,Rodney
Carlos,Rodon
Alex,Rodriguez
Aneury,Rodriguez
Carlos F.,Rodriguez
Chris,Rodriguez
Dereck,Rodriguez
Eduardo,Rodriguez
Emmanuel,Rodriguez
Endy,Rodriguez
Fernando,Rodriguez
Francisco,Rodriguez
Grayson,Rodriguez
Henry,Rodriguez
Henry,Rodriguez
Ivan,Rodriguez
Jefry,Rodriguez
Johnathan,Rodriguez
Joely,Rodriguez
Jose,Rodriguez
Julio,Rodriguez
Manuel,Rodriguez
Ronny,Rodriguez
Sean,Rodriguez
Paco,Rodriguez
Wandy,Rodriguez
Yariel,Rodriguez
Chaz,Roe
Esmil,Rogers
Jason,Rogers
Jake,Rogers
Josh,Rogers
Mark,Rogers
Taylor,Rogers
Trevor,Rogers
Tyler,Rogers
Josh,Rojas
Jose,Rojas
Johan,Rojas
Miguel,Rojas
Scott,Rolen
Jimmy,Rollins
Jordan,Romano
Sal,Romano
Drew,Rom
Enny,Romero
Fernando,Romero
JoJo,Romero
Ricky,Romero
Stefen,Romero
Tommy,Romero
Andrew,Romine
Austin,Romine
Drew,Romo
Sergio,Romo
Bruce,Rondon
Hector,Rondon
Jose,Rondon
Brent,Rooker
Ben,Rortvedt
Jorge,de la Rosa
Adam,Rosales
Amed,Rosario
Eddie,Rosario
Eguy,Rosario
Wilin,Rosario
Daniel,Rosenbaum
Kenny,Rosenberg
Trevor,Rosenthal
Cody,Ross
David,Ross
Joe,Ross
Robbie,Ross
Tyson,Ross
Landen,Roupp
Aaron,Rowand
Ryan,Rowland-Smith
Ryan,Rua
Drew,Rucinski
Darin,Ruf
Justin,Ruggiano
Carlos,Ruiz
Esteury,Ruiz
Jose,Ruiz
Keibert,Ruiz
Rio,Ruiz
Dan,Runzler
Cameron,Rupp
Dalton,Rushing
Chris,Rusin
Addison,Russell
James,Russell
Blake,Rutherford
Jackson,Rutledge
Josh,Rutledge
Adley,Rutschman
Brendan,Ryan
Joe,Ryan
Kyle,Ryan
River,Ryan
Hyun-Jin,Ryu
Marc,Rzepczynski
CC,Sabathia
Blake,Sabol
Casey,Sadler
Thomas,Saggese
Takashi,Saito
Tyler,Saladino
Ethan,Salas
Fernando,Salas
Danny,Salazar
Eduardo,Salazar
Chris,Sale
Royber,Salinas
Jarrod,Saltalamacchia
Jeff,Samardzija
Bryan,Sammons
Adrian,Sampson
Keyvius,Sampson
Alex,Sanabia
Aaron,Sanchez
Adrian,Sanchez
Anibal,Sanchez
Yolmer,Sanchez
Cristopher,Sanchez
Eduardo,Sanchez
Freddy,Sanchez
Gaby,Sanchez
Gary,Sanchez
Hector,Sanchez
Jesus,Sanchez
Jonathan,Sanchez
Sixto,Sanchez
Tony,Sanchez
Nick,Sandlin
Pablo,Sandoval
Patrick,Sandoval
Cole,Sands
Jerry,Sands
Reiver,Sanmartin
Javier,Sanoja
Miguel,Sano
Anthony,Santander
Carlos,Santana
Danny,Santana
Dennis,Santana
Domingo,Santana
Edgar,Santana
Ervin,Santana
Johan,Santana
Hector,Santiago
Ramon,Santiago
Tony,Santillan
Gregory,Santos
Sergio,Santos
Dave,Sappelt
Luis,Sardinas
Roki,Sasaki
Josh,Satin
Joe,Saunders
Michael,Saunders
Warwick,Saupold
Hirokazu,Sawamura
Josh,Sborz
Jordan,Schafer
Logan,Schafer
Nolan,Schanuel
Scott,Schebler
Tanner,Scheppers
Max,Scherzer
Nate,Schierholtz
Ryan,Schimpf
Casey,Schmitt
Clarke,Schmidt
Davis,Schneider
Daniel,Schneemann
Jonathan,Schoop
John,Schreiber
Max,Schrock
Max,Schuemann
Noah,Schultz
Skip,Schumaker
Kyle,Schwarber
Spencer,Schwellenbach
Chris,Schwinden
Frank,Schwindel
Christian,Scott
Luke,Scott
Tanner,Scott
Victor,Scott
Evan,Scribner
Troy,Scribner
Andre,Scrubb
Marco,Scutaro
Connor,Seabold
Corey,Seager
Kyle,Seager
JP,Sears
Jean,Segura
Marcus,Semien
Kodai,Senga
Antonio,Senzatela
Nick,Senzel
Brian,Serven
Luis,Severino
Pedro,Severino
Paul,Sewald
Ian,Seymour
Kevin,Shackelford
Justin,Shafer
Richie,Shaffer
Sterling,Sharp
Bryan,Shaw
Chris,Shaw
Matt,Shaw
Travis,Shaw
Emmet,Sheehan
Ben,Sheets
Gavin,Sheets
Justus,Sheffield
Austin,Shenton
Jimmie,Sherfy
George,Sherrill
Braden,Shewmake
James,Shields
Braden,Shipley
Matt,Shoemaker
Kelly,Shoppach
Zack,Short
Chasen,Shreve
J.B.,Shuck
Jared,Shuster
Michael,Siani
Kevin,Siegrist
Magneuris,Sierra
Moises,Sierra
Yaisel,Sierra
Chase,Silseth
Carlos,Silva
Andrelton,Simmons
Shae,Simmons
Alfredo,Simon
Chandler,Simpson
Luke,Sims
Brady,Singer
Jonathan,Singleton
Tony,Sipp
Jose,Siri
Chance,Sisco
Grady,Sizemore
Scott,Sizemore
Tyler,Skaggs
Paul,Skenes
Kyle,Skipworth
Eric,Skoglund
Matt,Skole
Tarik,Skubal
Austin,Slater
Justin,Slaten
Aaron,Slegers
Kevin,Slowey
Ethan,Small
Devin,Smeltzer
AJ,Smith-Shawver
Burch,Smith
Cam,Smith
Carson,Smith
Caleb,Smith
Canaan,Smith-Njigba
Cade,Smith
Dominic,Smith
Drew,Smith
Dwight,Smith Jr.
Hagen,Smith
Joe,Smith
Josh,A. Smith
Josh,Smith
Kevan,Smith
Kevin,Smith
Mallex,Smith
Pavin,Smith
Riley,Smith
Seth,Smith
Shane,Smith
Will,Smith
Will,Smith
Justin,Smoak
Josh,Smoker
Jake,Smolinski
Drew,Smyly
Cy,Sneed
Blake,Snell
Ian,Snell
Robby,Snelling
Travis,Snider
Brandon,Snyder
Chris,Snyder
Tyler,Soderstrom
Eric,Sogard
Nick,Solak
Donovan,Solano
Yangervis,Solarte
Jorge,Soler
Ali,Solis
Sammy,Solis
Noah,Song
Alfonso,Soriano
Joakim,Soria
Jose,Soriano
Rafael,Soriano
Mike,Soroka
Edmundo,Sosa
Lenyn,Sosa
Geovany,Soto
Gregory,Soto
Juan,Soto
Livan,Soto
Steven,Souza
Denard,Span
Cory,Spangenberg
Glenn,Sparkman
Gabe,Speier
Mitch,Spence
Carson,Spiers
Ryan,Spilborghs
George,Springer
Jeffrey,Springs
Brandon,Sproat
Jacob,Stallings
Eric,Stamets
Craig,Stammen
Ryne,Stanek
Giancarlo,Stanton
Bubba,Starling
Brock,Stassi
Max,Stassi
Tim,Stauffer
Josh,Staumont
Drew,Steckenrider
Justin,Steele
Spencer,Steer
Michael,Stefanic
Jackson,Stephens
Robert,Stephenson
Trevor,Stephan
Tyler,Stephenson
Andrew,Stevenson
Cal,Stevenson
Brock,Stewart
Chris,Stewart
Christin,Stewart
DJ,Stewart
Ian,Stewart
Kohl,Stewart
Josh,Stinson
Robert,Stock
Gavin,Stone
Drew,Storen
Mickey,Storey
Trevor,Story
Bryson,Stott
Kyle,Stowers
Matt,Strahm
Dan,Straily
Stephen,Strasburg
Chris,Stratton
Myles,Straw
Huston,Street
Hunter,Strickland
Spencer,Strider
Ross,Stripling
Marcus,Stroman
Pedro,Strop
Peter,Strzelecki
Michael,Stutes
Drew,Stubbs
Garrett,Stubbs
Eric,Stults
Albert,Suarez
Andrew,Suarez
Eugenio,Suarez
Jose,Suarez
Ranger,Suarez
Robert,Suarez
Jesus,Sucre
Wander,Suero
Tomoyuki,Sugano
Brett,Sullivan
Cole,Sulser
Andrew,Susac
Brent,Suter
Jack,Suwinski
Ichiro,Suzuki
Kurt,Suzuki
Seiya,Suzuki
Travis,Swaggerty
Dansby,Swanson
Erik,Swanson
Matt,Swarmer
Anthony,Swarzak
Darnell,Sweeney
Ryan,Sweeney
Trey,Sweeney
Blake,Swihart
R.J.,Swindle
Nick,Swisher
Noah,Syndergaard
Thomas,Szapucki
Matt,Szczur
Jose,Tabata
Jameson,Taillon
Hisanori,Takahashi
Kona,Takahashi
Mitch,Talbot
Masahiro,Tanaka
Raimel,Tapia
Freddy,Tarnok
Stephen,Tarpley
Dillon,Tate
Yoshinori,Tateyama
Fernando,Tatis Jr.
Mike,Tauchman
Leody,Taveras
Oscar,Taveras
Andrew,Taylor
Beau,Taylor
Chris,Taylor
Grant,Taylor
Josh,Taylor
Michael,Taylor
Samad,Taylor
Tyrone,Taylor
Junichi,Tazawa
Taylor,Teagarden
Mark,Teahen
Kyle,Teel
Julio,Teheran
Mark,Teixeira
Miguel,Tejada
Ruben,Tejada
Anderson,Tejeda
Blake,Tekotte
Tomas,Telis
Rowdy,Tellez
Jose,Tena
Emiliano,Teodo
Ryan,Tepera
Nick,Tepesch
Curtis,Terry
Jackson,Tetreault
Matt,Thaiss
Eric,Thames
Joe,Thatcher
Dale,Thayer
Ryan,Theriot
Caleb,Thielbar
Josh,Thole
Alek,Thomas
Cody,Thomas
Connor,Thomas
Colby,Thomas
Justin,Thomas
Lane,Thomas
Jim,Thome
Bubba,Thompson
Jake,Thompson
Keegan,Thompson
Mason,Thompson
Ryan,Thompson
Trayce,Thompson
Zach,Thompson
Zack,Thompson
Matt,Thornton
Trent,Thornton
Tyler,Thornburg
Drew,Thorpe
Lewis,Thorpe
Blade,Tidwell
Ricky,Tiedemann
Chris,Tillman
Charlie,Tilson
Jesus,Tinoco
Carlos,Tocci
Michael,Toglia
Andrew,Toles
Shawn,Tolleson
Steve,Tolleson
Yasmany,Tomas
Ka'ai,Tom
Josh,Tomlin
Kelby,Tomlinson
Justin,Topa
Spencer,Torkelson
Abraham,Toro
Alex,Torres
Andres,Torres
Carlos,Torres
Gleyber,Torres
Jose,Torres
Luis,Torrens
Ronald,Torreyes
Yorvit,Torrealba
Touki,Toussaint
Ezequiel,Tovar
Wilfredo,Tovar
Chad,Tracy
Taylor,Trammell
Devon,Travis
Sam,Travis
Blake,Treinen
Alan,Trejo
Jose,Trevino
James,Triantos
Andrew,Triggs
Jared,Triolo
Carlos,Triunfel
Lou,Trivino
Chadwick,Tromp
Nicholas,Tropeano
Mike,Trout
Mark,Trumbo
Yoshitomo,Tsutsugo
Cole,Tucker
Kyle,Tucker
Preston,Tucker
Sam,Tuivailala
Troy,Tulowitzki
Brice,Turang
Spencer,Turnbull
Jacob,Turner
Justin,Turner
Trea,Turner
Kyle,Tyler
Edwin,Uceta
Koji,Uehara
Dan,Uggla
Duane,Underwood Jr.
Melvin,Upton
Justin,Upton
Jose,Urena
Richard,Urena
Julio,Urias
Luis,Urias
Ramon,Urias
Abner,Uribe
Juan,Uribe
Jose,Urquidy
Henry,Urrutia
Giovanny,Urshela
Chase,Utley
Naoyuki,Uwasawa
Pat,Valaika
Luis,Valbuena
Cesar,Valdez
Enmanuel,Valdez
Framber,Valdez
Jose,Valdez
Jordany,Valdespin
Phillips,Valdez
Raul,Valdes
Wilson,Valdez
Danny,Valencia
Breyvic,Valera
George,Valera
Jose,Valverde
Rick,VandenHurk
Josh,VanMeter
Scott,Van Slyke
Cesar,Vargas
Ildemaro,Vargas
Jason,Vargas
Kennys,Vargas
Miguel,Vargas
Gus,Varland
Louie,Varland
Daulton,Varsho
Anthony,Varvaro
Mike,Vasil
Esmerling,Vasquez
Randy,Vasquez
Andrew,Vaughn
Terrin,Vavra
Christian,Vazquez
Javier,Vazquez
Luis,Vazquez
Zac,Veen
Vincent,Velasquez
Andrew,Velazquez
Hector,Velazquez
Nelson,Velazquez
Will,Venable
Anthony,Veneziano
Jonny,Venters
Yordano,Ventura
Jose,Veras
Alex,Verdugo
Drew,VerHagen
Justin,Verlander
Logan,Verrett
Alex,Vesia
Will,Vest
Dayan,Viciedo
Shane,Victorino
Thyago,Vieira
Mark,Vientos
Matt,Vierling
Ryan,Vilade
Brayan,Villarreal
Carlos,Villanueva
Christian,Villanueva
David,Villar
Jonathan,Villar
Meibrys,Viloria
Nick,Vincent
Darius,Vines
Josh,Vitters
Arodys,Vizcaino
Omar,Vizquel
Victor,Vodnik
Dan,Vogelbach
Ryan,Vogelsong
Stephen,Vogt
Luke,Voit
Anthony,Volpe
Edinson,Volquez
Chris,Volstad
Jason,Vosler
Austin,Voth
Joey,Votto
Michael,Wacha
Tsuyoshi,Wada
Cory,Wade
LaMonte,Wade
Tyler,Wade
Eric,Wagaman
Billy,Wagner
Will,Wagner
Jacob,Waguespack
Bobby,Wahl
Adam,Wainwright
Jordan,Walden
Marcus,Walden
Ken,Waldichuk
Hurston,Waldrep
Kyle,Waldrop
Matt,Waldron
Christian,Walker
Jordan,Walker
Neil,Walker
Ryan,Walker
Steele,Walker
Taijuan,Walker
Brett,Wallace
Chad,Wallach
Forrest,Wall
Josh,Wall
Matt,Wallner
Taylor,Walls
Colin,Walsh
Jared,Walsh
Blake,Walston
Brandon,Walter
P.J.,Walters
Zach,Walters
Chien-Ming,Wang
Wei-Chung,Wang
Drew,Ward
Taylor,Ward
Thad,Ward
Adam,Warren
Art,Warren
Will,Warren
Drew,Waters
Spenser,Watkins
Tony,Watson
Ryan,Weathers
Jered,Weaver
Luke,Weaver
Brandon,Webb
Daniel,Webb
Jacob,Webb
Logan,Webb
Ryan,Webb
Tyler,Webb
Ryan,Weber
Allen,Webster
Jemile,Weeks
Rickie,Weeks
Jordan,Weems
Kyle,Weiland
Colton,Welker
Austin,Wells
Casper,Wells
Randy,Wells
Tyler,Wells
Vernon,Wells
J.B.,Wendelken
Joey,Wendle
Joey,Wentz
Jayson,Werth
Hayden,Wesneski
Jake,Westbrook
Jordan,Westburg
Ryan,Wheeler
Zack,Wheeler
Carson,Whisenhunt
Shay,Whitcomb
Alex,White
Colby,White
Eli,White
Evan,White
Mitch,White
Owen,White
Tyler,White
Chase,Whitley
Forrest,Whitley
Garrett,Whitlock
Rowan,Wick
Jordan,Wicks
Taylor,Widener
Brad,Wieck
Joe,Wieland
Joey,Wiemer
Matt,Wieters
Ty,Wigginton
Tom,Wilhelmsen
Aaron,Wilkerson
Brock,Wilken
Steve,Wilkerson
Matt,Wilkinson
Alika,Williams
Brandon,Williamson
Carson,Williams
Devin,Williams
Dontrelle,Willis
Gavin,Williams
Jerome,Williams
Jett,Williams
Josh,Willingham
Justin,Williams
Luke,Williams
Mason,Williams
Mac,Williamson
Nick,Williams
Taylor,Williams
Trevor,Williams
Alex,Wilson
Bobby,Wilson
Brian,Wilson
Bryse,Wilson
C.J.,Wilson
Jacob,Wilson
Justin,Wilson
Steven,Wilson
Weston,Wilson
Allan,Winans
Josh,Winckowski
Josh,Winder
Trey,Wingenter
Jesse,Winker
Dan,Winkler
Cole,Winn
Keaton,Winn
Masyn,Winn
Patrick,Wisdom
DeWayne,Wise
Brett,Wisely
Matt,Wisler
Bobby,Witt Jr.
Nick,Wittgren
Asher,Wojciechowski
Jackson,Wolf
Randy,Wolf
Tony,Wolters
Connor,Wong
Kean,Wong
Kolten,Wong
Bryan,Woo
Alex,Wood
Blake,Wood
Brandon,Wood
Jake,Woodford
Hunter,Wood
James,Wood
Kerry,Wood
Brandon,Woodruff
Simeon,Woods-Richardson
Tim,Wood
Travis,Wood
Brandon,Workman
Gage,Workman
Vance,Worley
Danny,Worth
David,Wright
Jamey,Wright
Kyle,Wright
Mike,Wright
Steven,Wright
Wesley,Wright
Justin,Wrobleski
Austin,Wynns
Jimmy,Yacabonis
Miguel,Yajure
Shun,Yamaguchi
Jordan,Yamamoto
Yoshinobu,Yamamoto
Ryan,Yarbrough
Mike,Yastrzemski
Kirby,Yates
Christian,Yelich
Juan,Yepez
Gabriel,Ynoa
Huascar,Ynoa
Craig,Yoho
Nick,Yorke
Masataka,Yoshida
Kevin,Youkilis
Alex,Young
Andy,Young
Brandon,Young
Chris,Young
Chris,Young
Cole,Young
Delmon,Young
Eric,Young Jr.
Jared,Young
Jacob,Young
Matt,Young
Michael,Young
Mark,Zagunis
Carlos,Zambrano
Aaron,Zavala
Seby,Zavala
Ryan,Zeferjahn
Angel,Zerpa
T.J.,Zeuch
Brad,Ziegler
Bradley,Zimmer
Bruce,Zimmermann
Jordan,Zimmermann
Kyle,Zimmer
Ryan,Zimmerman
Barry,Zito
Ben,Zobrist
Tyler,Zuber
Mike,Zunino
Tony,Zych
Last,Player
Liam,Hicks
Alek,Jacob
Chad,Patrick
Easton,Lucas
Cory,Lewis
Gunnar,Hoglund
Chase,Petty
Ryan,Gusto
Brendon,Little
Tim,Herrin
Tim,Tawa
Nasim,Nunez
AJ,Blubaugh
Zach,Agnos
Rhylan,Thomas
Colton,Gordon
Alejandro,Osuna
Isaac,Collins
Randy,Rodriguez
Tanner,Gordon